openaq_id,sensor_id,parameter,col_name,date_first,date_last
8223,24570,o3,O3,2020-05-06,2026-04-10
8223,24571,no2,NO2,2020-05-06,2026-04-10
8223,24568,pm25,PM2_5,2020-05-06,2026-04-10
8223,24569,pm10,PM10,2020-05-06,2026-04-10
8460,2142719,pm25,PM2_5,2022-11-21,2026-04-10
8460,24565,no2,NO2,2020-05-06,2026-04-10
8460,24562,pm10,PM10,2020-05-06,2026-02-24
8459,24558,pm25,PM2_5,2020-05-06,2026-04-10
8459,24559,o3,O3,2020-05-06,2026-01-08
8459,24560,no2,NO2,2020-05-06,2026-04-10
8459,8613070,pm10,PM10,2024-03-18,2026-02-24
8456,24552,no2,NO2,2020-05-06,2026-04-10
8357,24282,no2,NO2,2020-05-06,2026-04-10
8357,7774326,pm25,PM2_5,2024-01-28,2026-04-10
8357,7775924,pm10,PM10,2024-01-28,2026-04-10
8356,24280,no2,NO2,2020-05-06,2026-04-10
8356,7774921,pm25,PM2_5,2024-01-28,2026-04-07
7648,22263,pm10,PM10,2020-05-13,2026-04-10
7648,22257,pm25,PM2_5,2020-05-06,2026-04-10
8454,24543,pm10,PM10,2020-05-06,2026-04-10
8454,24544,no2,NO2,2020-05-06,2026-04-10
8454,24542,pm25,PM2_5,2020-05-06,2026-04-10
8277,24101,no2,NO2,2020-05-06,2026-04-10
8277,7773803,pm10,PM10,2024-01-28,2026-04-10
8277,9323263,pm25,PM2_5,2024-05-20,2026-04-10
2162969,7773690,no2,NO2,2024-01-28,2026-04-10
8451,24538,o3,O3,2020-05-06,2025-12-17
8451,24539,no2,NO2,2020-05-06,2025-12-17
8007,23231,no2,NO2,2020-05-06,2026-04-10
8007,7772744,pm25,PM2_5,2024-01-28,2026-04-10
8007,7775967,pm10,PM10,2024-01-28,2026-04-10
8450,24536,o3,O3,2020-05-06,2026-04-10
8450,24535,pm10,PM10,2020-05-06,2026-04-10
8450,24537,no2,NO2,2020-05-06,2026-04-10
8450,24534,pm25,PM2_5,2020-05-06,2026-04-10
8346,24260,no2,NO2,2020-05-06,2026-04-10
8346,24259,o3,O3,2020-05-06,2026-04-10
8346,7775798,pm10,PM10,2024-01-28,2026-04-07
8346,7775099,pm25,PM2_5,2024-01-28,2026-04-07
8128,24241,no2,NO2,2020-05-06,2026-04-10
8128,7776031,pm10,PM10,2024-01-28,2026-04-10
8128,7775618,pm25,PM2_5,2024-01-28,2026-04-10
8128,8613078,o3,O3,2024-03-18,2026-04-10
8338,7774003,pm25,PM2_5,2024-01-28,2026-04-07
8338,7774617,no2,NO2,2024-01-28,2026-04-10
8338,7775388,pm10,PM10,2024-01-28,2026-04-07
8336,7775061,no2,NO2,2024-01-28,2026-04-10
8336,8622697,pm10,PM10,2024-03-18,2026-04-07
8336,8622694,pm25,PM2_5,2024-03-18,2026-04-07
7530,21874,no2,NO2,2018-01-29,2026-04-10
7530,21846,pm25,PM2_5,2018-01-28,2026-04-08
7530,21808,pm10,PM10,2018-01-28,2026-04-08
8330,7775291,pm25,PM2_5,2024-01-28,2026-04-07
8330,7775712,pm10,PM10,2024-01-28,2026-04-07
8330,7773169,no2,NO2,2024-01-28,2026-04-10
221509,1287768,no2,NO2,2021-02-28,2024-01-28
160589,852556,o3,O3,2021-01-20,2024-01-28
160589,1560115,no2,NO2,2021-03-01,2024-01-28
8030,5078863,no2,NO2,2022-10-04,2025-03-24
8030,5079209,pm10,PM10,2023-05-06,2025-03-25
8030,5079210,pm25,PM2_5,2023-05-06,2025-03-25
8447,5078287,pm25,PM2_5,2023-05-06,2026-04-03
8447,24526,no2,NO2,2020-05-06,2026-04-10
8447,5078269,pm10,PM10,2023-05-06,2026-04-03
7543,21827,pm25,PM2_5,2018-01-28,2026-04-08
7543,21826,pm10,PM10,2018-01-28,2026-04-08
7543,21868,no2,NO2,2018-01-29,2026-04-10
7543,21918,o3,O3,2018-01-29,2024-05-16
7541,21823,pm25,PM2_5,2018-01-28,2026-04-08
7541,21822,pm10,PM10,2018-01-28,2026-04-08
7541,21910,o3,O3,2018-01-29,2022-12-28
7541,21911,no2,NO2,2018-01-29,2026-04-09
2162860,7772895,no2,NO2,2024-01-28,2026-04-10
7546,21872,no2,NO2,2018-01-29,2026-04-09
7546,21832,pm10,PM10,2018-01-28,2026-04-08
7546,21833,pm25,PM2_5,2018-01-28,2026-04-08
7526,21811,pm10,PM10,2018-01-28,2026-04-08
7526,21892,no2,NO2,2018-01-29,2026-04-10
7526,21802,pm25,PM2_5,2018-08-06,2026-04-08
7602,22066,pm10,PM10,2017-11-01,2020-05-05
7602,22105,pm25,PM2_5,2020-03-28,2020-05-05
7602,22172,no2,NO2,2017-11-01,2020-05-05
7602,22065,o3,O3,2017-11-01,2020-05-05
8408,24412,no2,NO2,2020-05-06,2024-01-29
8408,24411,o3,O3,2020-05-06,2024-01-29
7609,22090,o3,O3,2017-11-01,2026-04-07
7609,22088,pm25,PM2_5,2020-03-28,2020-05-05
7609,22089,pm10,PM10,2017-11-01,2020-05-05
7609,22091,no2,NO2,2017-11-01,2026-04-07
8443,24508,o3,O3,2020-05-06,2026-04-10
8443,24509,no2,NO2,2020-05-06,2026-04-10
8443,7773584,pm25,PM2_5,2024-01-28,2026-04-07
8443,7775010,pm10,PM10,2024-01-28,2026-04-07
8313,24184,no2,NO2,2020-05-06,2026-02-05
8313,24183,o3,O3,2020-05-06,2026-02-05
8313,7774775,pm25,PM2_5,2024-01-28,2026-02-05
8313,7776020,pm10,PM10,2024-01-28,2026-02-05
2162880,7775217,pm10,PM10,2024-01-28,2026-04-10
2162880,7773548,no2,NO2,2024-01-28,2026-04-10
2162880,7775039,pm25,PM2_5,2024-01-28,2026-04-10
7619,22117,pm10,PM10,2017-11-01,2020-05-05
7619,22201,o3,O3,2020-01-04,2020-05-05
7619,22118,pm25,PM2_5,2020-03-28,2020-05-05
7619,22200,no2,NO2,2017-11-01,2020-05-05
8441,5078286,pm25,PM2_5,2023-05-06,2026-04-03
8441,5078295,pm10,PM10,2023-05-06,2026-04-03
8441,24503,no2,NO2,2020-05-08,2026-04-10
8440,24502,no2,NO2,2020-05-06,2026-04-10
8440,24501,o3,O3,2020-05-06,2026-04-10
8440,5078270,pm25,PM2_5,2023-05-06,2026-04-03
8440,5078273,pm10,PM10,2023-05-06,2026-04-03
7551,21939,o3,O3,2018-01-29,2026-04-10
7551,21840,pm10,PM10,2018-01-28,2026-04-08
7551,21938,no2,NO2,2018-01-29,2026-04-10
7551,21842,pm25,PM2_5,2018-01-28,2026-04-08
7540,21950,no2,NO2,2018-01-29,2026-04-10
7540,21870,o3,O3,2018-01-29,2026-04-10
7540,21820,pm10,PM10,2018-01-28,2026-04-08
7540,21841,pm25,PM2_5,2018-01-28,2026-04-08
7558,5078320,no2,NO2,2022-09-30,2026-04-10
7558,5078374,o3,O3,2022-09-29,2026-04-10
7558,5079457,pm10,PM10,2022-09-29,2026-04-08
7558,5079458,pm25,PM2_5,2022-09-29,2026-04-08
7552,5079451,pm10,PM10,2022-09-29,2026-04-08
7552,5079452,pm25,PM2_5,2022-09-29,2026-04-08
7552,5079453,o3,O3,2022-09-29,2026-04-09
7552,5079454,no2,NO2,2022-09-29,2026-04-09
7678,24497,o3,O3,2020-05-06,2025-12-17
7678,24498,no2,NO2,2020-05-06,2025-12-17
2163010,7774461,no2,NO2,2024-01-28,2026-04-10
2163010,7775034,pm10,PM10,2024-01-28,2025-10-08
7555,21850,pm25,PM2_5,2018-01-28,2026-04-08
7555,21876,o3,O3,2018-01-29,2026-04-10
7555,21848,pm10,PM10,2018-01-28,2026-04-08
7555,21875,no2,NO2,2018-01-29,2026-04-10
7565,21862,pm10,PM10,2018-01-28,2026-04-08
7565,21928,no2,NO2,2018-01-29,2026-04-09
7565,21895,o3,O3,2018-01-29,2026-04-09
7565,21861,pm25,PM2_5,2018-01-28,2026-04-08
8304,24163,no2,NO2,2020-05-06,2026-04-10
8303,24161,no2,NO2,2020-05-06,2026-04-10
8303,7773858,pm10,PM10,2024-01-28,2026-04-07
8303,7775178,pm25,PM2_5,2024-01-28,2026-04-07
221593,1288144,no2,NO2,2021-03-01,2022-01-27
7617,22116,o3,O3,2017-11-01,2020-05-05
7617,22114,no2,NO2,2017-11-01,2020-05-05
7617,22119,pm10,PM10,2017-11-01,2020-05-05
7617,22120,pm25,PM2_5,2020-03-28,2020-05-05
8436,24492,no2,NO2,2020-05-06,2024-01-29
8436,24491,o3,O3,2020-05-06,2024-01-29
8436,24490,pm10,PM10,2020-05-06,2024-01-29
8436,24489,pm25,PM2_5,2020-05-06,2024-01-29
8299,24154,no2,NO2,2020-05-06,2026-04-07
8299,24153,o3,O3,2020-05-06,2026-04-07
7237,22174,no2,NO2,2017-11-01,2020-05-05
7237,22108,pm10,PM10,2017-11-01,2020-05-05
8060,23629,no2,NO2,2020-05-06,2025-12-17
8060,23372,o3,O3,2020-05-06,2025-12-17
2162943,7774942,no2,NO2,2024-01-28,2026-04-10
2162942,7772765,no2,NO2,2024-01-28,2026-04-10
8294,5078435,no2,NO2,2023-05-06,2026-04-10
8294,5078471,o3,O3,2022-10-04,2026-04-10
8294,5078551,pm10,PM10,2023-05-06,2026-04-03
8294,5079014,pm25,PM2_5,2023-05-06,2026-04-03
8430,24476,o3,O3,2020-05-11,2026-04-10
8430,24477,no2,NO2,2020-05-06,2026-04-10
8429,24475,no2,NO2,2020-05-06,2026-04-10
221500,1287743,no2,NO2,2021-02-28,2026-04-07
2162920,7773058,no2,NO2,2024-01-28,2026-04-07
2162920,7774302,o3,O3,2024-01-28,2026-04-07
221506,1287751,no2,NO2,2021-02-28,2024-01-28
8291,24137,no2,NO2,2020-05-06,2026-04-10
8291,7773410,pm10,PM10,2024-01-28,2026-04-07
8291,7774279,pm25,PM2_5,2024-01-28,2026-04-07
7631,22184,no2,NO2,2017-11-01,2020-05-05
7631,22187,pm25,PM2_5,2020-03-28,2020-05-05
7631,22186,pm10,PM10,2017-11-01,2020-05-05
2163008,7772918,o3,O3,2024-01-28,2025-12-31
2163012,7774230,o3,O3,2024-01-28,2025-12-31
8155,23744,no2,NO2,2020-05-06,2025-12-17
8155,23746,o3,O3,2020-05-06,2025-12-17
7629,22157,no2,NO2,2017-11-01,2020-05-05
7629,22162,pm10,PM10,2017-11-01,2020-05-05
7629,22161,o3,O3,2017-11-01,2020-05-05
7629,22168,pm25,PM2_5,2020-03-28,2020-05-05
8191,23921,no2,NO2,2020-05-06,2026-04-10
8191,23929,o3,O3,2020-05-06,2026-04-10
8205,23923,no2,NO2,2020-05-06,2025-12-27
7550,21839,pm25,PM2_5,2018-01-28,2026-04-08
7550,21932,no2,NO2,2018-01-29,2026-04-09
7550,21838,pm10,PM10,2018-01-28,2026-04-08
7548,21890,no2,NO2,2018-01-29,2026-04-09
7548,21836,pm25,PM2_5,2018-01-28,2026-04-07
7548,21835,pm10,PM10,2018-01-28,2026-04-07
8426,5078279,pm25,PM2_5,2023-05-06,2026-04-03
8426,5078290,pm10,PM10,2023-05-06,2026-04-03
8426,24470,no2,NO2,2020-05-06,2026-04-10
8425,5078274,pm25,PM2_5,2023-05-06,2026-04-10
8425,5078300,pm10,PM10,2023-05-06,2026-04-10
8425,24469,no2,NO2,2020-05-06,2026-04-10
7610,22097,o3,O3,2017-11-01,2020-05-05
7610,22098,no2,NO2,2017-11-01,2020-05-05
7610,22094,pm25,PM2_5,2020-03-28,2020-05-05
7610,22096,pm10,PM10,2017-11-01,2020-05-05
8048,24456,no2,NO2,2020-05-06,2025-12-17
8421,24455,no2,NO2,2020-05-06,2025-12-17
8421,24454,o3,O3,2020-05-06,2025-12-17
221498,1287758,no2,NO2,2021-02-28,2024-01-28
8419,12907941,pm10,PM10,2025-04-30,2026-04-10
8419,12907940,pm25,PM2_5,2025-04-30,2026-04-10
8419,24451,no2,NO2,2020-05-06,2026-04-10
8419,24450,o3,O3,2020-05-06,2026-04-10
7793,22634,pm25,PM2_5,2020-08-19,2026-02-18
7793,24447,no2,NO2,2020-05-06,2026-04-07
7793,22637,pm10,PM10,2020-08-19,2026-02-18
8096,5078501,no2,NO2,2023-05-06,2026-04-07
8096,5078729,pm25,PM2_5,2023-05-06,2026-04-07
8242,24017,o3,O3,2020-05-06,2026-04-10
8242,24018,no2,NO2,2020-05-06,2026-04-10
8242,7772729,pm10,PM10,2024-01-28,2026-04-07
8242,7775914,pm25,PM2_5,2024-01-28,2026-04-07
8163,23762,no2,NO2,2020-05-06,2026-04-10
8163,7775455,pm10,PM10,2024-01-28,2026-04-07
8163,9324553,pm25,PM2_5,2024-05-19,2026-04-10
8418,24446,no2,NO2,2020-05-06,2025-12-17
8418,24445,o3,O3,2020-05-06,2025-12-17
8221,24440,pm10,PM10,2020-05-06,2026-02-24
8221,24441,no2,NO2,2020-05-06,2026-04-10
8201,24439,no2,NO2,2020-05-06,2026-04-10
8201,23918,o3,O3,2020-05-06,2026-04-10
8270,24088,no2,NO2,2020-05-06,2022-03-14
8270,24084,o3,O3,2020-05-06,2022-03-14
8269,24082,o3,O3,2020-05-06,2026-04-10
8269,24083,no2,NO2,2020-05-06,2026-04-10
8269,7773744,pm25,PM2_5,2024-01-28,2026-04-07
8269,7775965,pm10,PM10,2024-01-28,2026-04-07
8267,5078278,pm10,PM10,2023-05-06,2026-04-03
8267,24079,no2,NO2,2020-05-06,2026-04-10
8267,5078264,pm25,PM2_5,2023-05-06,2026-04-03
7775,24430,o3,O3,2020-05-06,2026-04-07
7775,22605,pm25,PM2_5,2020-07-20,2026-02-18
7775,24431,no2,NO2,2020-05-06,2026-04-07
7775,22604,pm10,PM10,2020-07-20,2026-02-18
8260,24059,no2,NO2,2020-05-06,2026-04-07
8260,24058,o3,O3,2020-05-06,2026-04-07
8414,5078458,o3,O3,2022-10-04,2025-12-17
8414,5078655,no2,NO2,2022-10-04,2025-12-17
221601,1288173,pm25,PM2_5,2021-03-01,2024-01-28
221601,1288160,pm10,PM10,2021-03-01,2024-01-28
221601,1288154,no2,NO2,2021-03-01,2024-01-28
221594,1288158,pm10,PM10,2021-03-01,2024-01-01
221594,1288162,no2,NO2,2021-03-01,2024-01-01
8038,7774579,pm25,PM2_5,2024-01-28,2026-04-07
8038,7773079,pm10,PM10,2024-01-28,2026-04-07
8038,7775300,no2,NO2,2024-01-28,2026-04-10
8038,7775445,o3,O3,2024-01-28,2026-04-10
8412,24418,no2,NO2,2020-05-06,2024-01-29
8596,14392771,pm25,PM2_5,2025-10-16,2026-04-10
8596,14392780,pm10,PM10,2025-10-16,2026-04-10
8596,24977,o3,O3,2020-05-06,2026-04-10
8596,24976,no2,NO2,2020-05-06,2026-04-10
8410,24415,pm25,PM2_5,2020-05-06,2026-04-10
8410,24416,pm10,PM10,2020-05-06,2026-04-10
8410,24982,no2,NO2,2020-05-06,2026-04-10
8407,24409,pm25,PM2_5,2020-05-06,2026-04-10
8407,24410,pm10,PM10,2020-05-06,2026-04-10
8407,24987,no2,NO2,2020-05-06,2026-04-10
8405,24406,no2,NO2,2020-05-06,2026-04-10
8405,24405,o3,O3,2020-05-06,2026-04-10
8376,5078494,no2,NO2,2022-10-04,2026-04-10
8403,24401,o3,O3,2020-05-06,2026-04-10
8403,24402,no2,NO2,2020-05-06,2026-04-10
8401,24397,o3,O3,2020-05-06,2026-04-10
8401,24398,no2,NO2,2020-05-06,2026-04-10
8400,24395,no2,NO2,2020-05-06,2026-04-10
8400,24394,o3,O3,2020-05-06,2026-04-10
8399,24393,no2,NO2,2020-05-06,2026-04-10
8399,7531552,pm10,PM10,2023-12-12,2026-04-10
8399,9323266,pm25,PM2_5,2024-05-19,2026-04-10
221602,1288148,no2,NO2,2021-03-01,2026-04-07
221513,1287779,no2,NO2,2021-03-01,2026-04-07
8397,5078298,pm10,PM10,2023-05-06,2026-04-03
8397,5078302,pm25,PM2_5,2023-05-06,2026-04-03
8397,24391,no2,NO2,2020-05-06,2026-04-10
8397,24390,o3,O3,2020-05-06,2026-04-10
8396,5078288,pm10,PM10,2023-05-06,2026-04-03
8396,5078291,pm25,PM2_5,2023-05-06,2026-04-03
8396,24389,no2,NO2,2020-05-06,2026-04-10
8395,5078283,pm10,PM10,2023-05-06,2026-04-03
8395,24387,no2,NO2,2020-05-06,2026-04-10
8395,5078267,pm25,PM2_5,2023-05-06,2026-04-03
8393,24382,pm10,PM10,2020-05-13,2026-02-24
8393,24384,no2,NO2,2020-05-06,2026-04-10
8393,24383,o3,O3,2020-05-06,2026-04-10
8393,24381,pm25,PM2_5,2020-05-06,2026-04-10
1953581,7531553,pm10,PM10,2023-12-12,2024-12-16
1953581,9323264,pm25,PM2_5,2024-05-19,2024-12-16
2163021,7773226,no2,NO2,2024-01-28,2026-04-10
2163021,7773648,o3,O3,2024-01-28,2025-12-31
8222,24020,no2,NO2,2020-05-06,2026-04-10
8222,7774544,pm25,PM2_5,2024-01-28,2026-04-07
8222,7774792,pm10,PM10,2024-01-28,2026-03-25
8389,24375,o3,O3,2020-05-06,2025-12-17
8389,24376,no2,NO2,2020-05-06,2025-12-17
8388,5078285,pm10,PM10,2023-05-06,2026-04-03
8388,5078294,pm25,PM2_5,2023-05-06,2026-04-03
8388,24374,no2,NO2,2020-05-06,2026-04-10
8387,24372,o3,O3,2020-05-06,2025-12-17
8387,24373,no2,NO2,2020-05-06,2025-12-17
8386,24371,no2,NO2,2020-05-06,2025-12-17
8386,24370,o3,O3,2020-05-06,2025-12-17
8599,15538687,pm10,PM10,2026-02-24,2026-04-07
8599,15538699,pm25,PM2_5,2026-02-24,2026-04-07
8599,24991,no2,NO2,2020-05-06,2026-04-10
2162927,15538704,pm25,PM2_5,2026-02-24,2026-04-07
2162927,15538706,pm10,PM10,2026-02-24,2026-04-07
2162927,7774702,no2,NO2,2024-01-28,2026-04-10
2162930,15567070,pm10,PM10,2026-02-26,2026-04-07
2162930,15567071,pm25,PM2_5,2026-02-26,2026-04-07
2162930,7775684,no2,NO2,2024-01-28,2026-04-10
8613,25019,no2,NO2,2020-05-06,2026-04-07
8613,25020,pm10,PM10,2020-05-06,2026-02-23
8381,24357,o3,O3,2020-05-06,2025-12-17
8381,24358,no2,NO2,2020-05-06,2025-12-17
8066,15538664,pm10,PM10,2026-02-24,2026-04-07
8066,15538673,pm25,PM2_5,2026-02-24,2026-04-07
8066,5078821,no2,NO2,2022-10-04,2026-04-10
8361,24295,no2,NO2,2020-05-06,2026-04-10
8361,24293,o3,O3,2020-05-06,2026-04-10
8361,7773043,pm25,PM2_5,2024-01-28,2026-04-07
8361,7775349,pm10,PM10,2024-01-28,2026-04-07
8360,5078814,pm25,PM2_5,2023-05-06,2026-04-03
8360,5078885,no2,NO2,2022-10-04,2026-04-10
8360,5078937,pm10,PM10,2023-05-06,2026-04-03
8606,15556737,pm25,PM2_5,2026-02-24,2026-04-07
8606,15556738,pm10,PM10,2026-02-24,2026-04-07
8606,25007,no2,NO2,2020-05-06,2026-04-07
8378,24353,no2,NO2,2020-05-06,2026-04-07
8378,15538682,pm25,PM2_5,2026-02-24,2026-04-07
8378,15538685,pm10,PM10,2026-02-24,2026-04-07
8378,24352,o3,O3,2020-05-06,2026-04-07
8609,15545433,pm10,PM10,2026-02-25,2026-03-30
8609,15545436,pm25,PM2_5,2026-02-25,2026-03-30
8609,25014,no2,NO2,2020-05-06,2026-04-02
8353,24274,o3,O3,2020-05-06,2026-04-10
8353,5078276,pm10,PM10,2023-05-06,2026-04-03
8353,15874930,pm25,PM2_5,2026-04-03,2026-04-03
8353,24277,no2,NO2,2020-05-06,2026-04-10
8352,24272,o3,O3,2020-05-06,2026-04-10
8352,24273,no2,NO2,2020-05-06,2026-04-10
8352,7773388,pm25,PM2_5,2024-01-28,2026-04-07
8352,7775985,pm10,PM10,2024-01-28,2026-04-07
7651,22261,o3,O3,2020-05-06,2024-01-29
7651,22273,pm25,PM2_5,2020-05-06,2024-01-29
221510,1287770,no2,NO2,2021-03-01,2024-01-28
8382,24359,no2,NO2,2020-05-06,2024-01-29
8327,24214,o3,O3,2020-05-06,2026-04-10
8327,24217,no2,NO2,2020-05-06,2026-04-10
8327,7775778,pm25,PM2_5,2024-01-28,2026-04-07
8327,7774039,pm10,PM10,2024-01-28,2026-04-07
8089,24207,o3,O3,2020-05-06,2026-04-10
8089,24208,no2,NO2,2020-05-06,2026-04-10
8089,7772749,pm25,PM2_5,2024-01-28,2026-04-07
8089,7773821,pm10,PM10,2024-01-28,2026-04-07
8182,24338,no2,NO2,2020-05-06,2026-04-10
8182,24337,o3,O3,2020-05-06,2026-04-10
8321,24200,no2,NO2,2020-05-06,2026-04-10
8321,24199,o3,O3,2020-05-06,2026-04-10
8321,7773552,pm25,PM2_5,2024-01-28,2026-04-07
8321,7773966,pm10,PM10,2024-01-28,2026-04-07
7623,22129,o3,O3,2017-11-01,2020-05-05
7623,22198,no2,NO2,2017-11-01,2020-05-05
7623,22131,pm25,PM2_5,2020-03-28,2020-05-05
7623,22130,pm10,PM10,2017-11-01,2020-05-05
8232,24322,pm10,PM10,2020-05-06,2026-04-10
8232,23986,pm25,PM2_5,2020-05-06,2026-04-10
8232,24325,no2,NO2,2020-05-06,2026-04-10
8232,24324,o3,O3,2020-05-06,2026-04-10
8372,24320,no2,NO2,2020-05-13,2026-04-10
8372,24319,o3,O3,2020-05-06,2026-04-10
8370,24314,o3,O3,2020-05-06,2026-04-10
8370,24315,no2,NO2,2020-05-06,2026-04-10
8370,24313,pm10,PM10,2020-05-06,2026-02-24
8233,23987,no2,NO2,2020-05-06,2026-04-10
8233,23988,o3,O3,2020-05-06,2026-04-10
8233,23990,pm25,PM2_5,2020-05-06,2026-04-10
8233,23989,pm10,PM10,2020-05-06,2026-04-10
7660,5078292,o3,O3,2023-05-09,2026-04-10
7660,5078776,no2,NO2,2023-05-09,2026-04-10
7839,23049,no2,NO2,2020-05-06,2026-04-10
7839,23048,o3,O3,2020-05-06,2026-04-10
7839,22730,pm10,PM10,2020-05-06,2020-09-21
8369,24312,no2,NO2,2020-05-06,2026-04-10
8369,24311,o3,O3,2020-05-06,2026-04-10
8369,7775024,pm25,PM2_5,2024-01-28,2026-04-07
8369,7775117,pm10,PM10,2024-01-28,2026-04-07
8616,15545437,pm25,PM2_5,2026-02-25,2026-04-07
8616,25027,no2,NO2,2020-05-06,2026-04-07
8617,15538666,pm10,PM10,2026-02-24,2026-04-07
8617,15538693,pm25,PM2_5,2026-02-24,2026-04-07
8617,25029,o3,O3,2020-05-06,2026-04-07
8617,25028,no2,NO2,2020-05-06,2026-04-07
8618,15538697,pm25,PM2_5,2026-02-24,2026-04-07
8618,15538700,pm10,PM10,2026-02-24,2026-04-07
8618,25030,no2,NO2,2020-05-06,2026-04-07
8619,15556739,pm10,PM10,2026-02-24,2026-04-07
8619,15556740,pm25,PM2_5,2026-02-24,2026-04-07
8619,25031,no2,NO2,2020-05-06,2026-04-07
8619,25032,o3,O3,2020-05-06,2026-02-20
8058,7774815,pm10,PM10,2024-01-28,2026-04-10
8058,7775760,pm25,PM2_5,2024-01-28,2026-04-07
8058,7772837,o3,O3,2024-01-28,2026-04-10
8058,7775557,no2,NO2,2024-01-28,2026-04-10
8367,24306,pm25,PM2_5,2020-05-06,2026-02-24
8367,24308,no2,NO2,2020-05-06,2026-04-10
8367,24307,o3,O3,2020-05-06,2026-04-10
8367,8613280,pm10,PM10,2024-03-18,2026-02-24
8366,24846,o3,O3,2020-05-06,2026-04-10
8366,24304,no2,NO2,2020-05-06,2026-04-10
8366,1764525,pm25,PM2_5,2022-04-14,2026-04-10
8366,1764523,pm10,PM10,2022-04-14,2026-04-10
7561,21914,o3,O3,2018-01-29,2026-04-10
7561,21856,pm10,PM10,2018-01-28,2026-04-08
7561,21903,no2,NO2,2018-01-29,2026-04-10
7561,21857,pm25,PM2_5,2018-01-28,2026-04-08
8548,24838,no2,NO2,2020-05-06,2026-04-09
8548,24837,o3,O3,2020-05-06,2026-04-10
8546,24836,no2,NO2,2020-05-06,2026-04-10
8546,24834,o3,O3,2020-05-06,2026-04-10
7790,22631,pm10,PM10,2020-05-08,2026-02-18
7790,23842,o3,O3,2020-05-06,2026-04-07
7790,22636,pm25,PM2_5,2020-05-08,2026-02-18
7790,23843,no2,NO2,2020-05-06,2026-04-07
8206,23927,no2,NO2,2020-05-06,2026-04-10
8285,24122,o3,O3,2020-05-06,2026-04-10
8285,24123,no2,NO2,2020-05-06,2026-04-10
8285,7775409,pm25,PM2_5,2024-01-28,2026-04-07
8285,7775843,pm10,PM10,2024-01-28,2026-04-07
8284,24119,o3,O3,2020-05-06,2026-04-10
8284,24120,no2,NO2,2020-05-06,2026-04-10
8284,7774785,pm25,PM2_5,2024-01-28,2026-04-07
8284,7774822,pm10,PM10,2024-01-28,2026-04-07
7681,24823,no2,NO2,2020-05-06,2025-12-17
7681,24822,o3,O3,2020-05-06,2025-12-17
8075,24106,no2,NO2,2020-05-06,2026-04-10
8075,7774118,pm10,PM10,2024-01-28,2026-04-10
8075,7774426,pm25,PM2_5,2024-01-28,2026-04-10
8278,24104,o3,O3,2020-05-06,2026-04-10
8278,24105,no2,NO2,2020-05-06,2026-04-10
8278,7772822,pm10,PM10,2024-01-28,2026-04-10
8278,7772850,pm25,PM2_5,2024-01-28,2026-04-10
8541,1702604,pm25,PM2_5,2022-03-09,2026-04-10
8541,24821,no2,NO2,2020-05-06,2026-04-10
8541,24820,o3,O3,2020-05-06,2026-04-10
8541,1764647,pm10,PM10,2022-04-14,2026-04-10
8540,5078350,o3,O3,2022-10-04,2026-04-10
8540,5078738,no2,NO2,2022-10-04,2026-04-10
221502,1287741,no2,NO2,2021-02-28,2024-01-28
221502,1287746,o3,O3,2021-02-28,2024-01-28
2162980,7772727,no2,NO2,2024-01-28,2026-04-10
2162980,7774395,o3,O3,2024-01-28,2026-04-10
2162958,7775148,no2,NO2,2024-01-28,2026-04-10
2162958,7772946,o3,O3,2024-01-28,2026-04-10
8207,23933,no2,NO2,2020-05-06,2026-04-10
8192,23935,no2,NO2,2020-05-06,2024-02-21
8192,23904,o3,O3,2020-05-06,2021-07-09
8193,23905,o3,O3,2020-05-08,2026-04-10
8193,23906,no2,NO2,2020-05-08,2026-04-10
8536,24806,no2,NO2,2020-05-06,2026-04-10
8536,24805,o3,O3,2020-05-06,2026-04-10
2163028,7776032,no2,NO2,2024-01-28,2025-12-17
2163028,7774013,o3,O3,2024-01-28,2025-12-17
7529,21941,no2,NO2,2018-01-29,2026-04-10
7529,21807,pm10,PM10,2018-01-28,2026-04-08
7529,21947,o3,O3,2018-01-29,2026-04-10
7529,21806,pm25,PM2_5,2018-01-28,2026-04-08
7614,22107,pm25,PM2_5,2020-03-28,2020-05-05
7614,22109,pm10,PM10,2017-11-01,2020-05-05
7614,22191,no2,NO2,2017-11-01,2020-05-05
7614,22188,o3,O3,2017-11-01,2020-05-05
7616,22177,pm10,PM10,2017-11-01,2020-05-05
7616,22112,pm25,PM2_5,2020-03-28,2020-05-05
7616,22181,o3,O3,2017-11-01,2020-05-05
7616,22185,no2,NO2,2017-11-01,2020-05-05
7620,22149,pm25,PM2_5,2020-03-28,2020-05-05
7620,22121,no2,NO2,2017-11-01,2020-05-05
7620,22146,pm10,PM10,2017-11-01,2020-05-05
7620,22126,o3,O3,2017-11-01,2020-05-05
7586,22166,pm25,PM2_5,2020-03-28,2020-05-05
7586,22023,o3,O3,2017-11-01,2020-05-01
7586,22159,no2,NO2,2017-11-01,2020-05-05
7625,22151,pm10,PM10,2017-11-01,2020-05-05
7625,22152,pm25,PM2_5,2020-03-28,2020-05-05
7625,22167,no2,NO2,2017-11-01,2020-05-05
7625,22140,o3,O3,2017-11-01,2020-05-05
7605,22076,pm25,PM2_5,2020-03-28,2020-05-05
7605,22078,o3,O3,2017-11-01,2020-05-05
7605,22080,no2,NO2,2017-11-01,2020-05-05
7606,22160,no2,NO2,2017-11-01,2020-05-05
7606,22164,pm10,PM10,2017-11-01,2020-05-05
7606,22083,o3,O3,2017-11-01,2020-05-05
7606,22077,pm25,PM2_5,2020-03-28,2020-05-05
7599,22060,pm25,PM2_5,2020-03-28,2020-05-05
7599,22074,o3,O3,2017-11-01,2026-04-07
7599,22075,no2,NO2,2017-11-01,2026-04-07
7599,22070,pm10,PM10,2018-02-26,2020-05-05
7613,22101,pm25,PM2_5,2020-03-28,2020-05-05
7613,22106,o3,O3,2017-11-01,2020-05-05
7613,22111,no2,NO2,2017-11-01,2020-05-05
8620,15538680,pm25,PM2_5,2026-02-24,2026-04-07
8620,15545431,pm10,PM10,2026-02-25,2026-04-07
8620,25036,no2,NO2,2020-05-06,2026-04-07
7963,24798,no2,NO2,2020-05-06,2025-12-17
8533,24796,no2,NO2,2020-05-06,2026-04-10
8533,24795,o3,O3,2020-05-06,2026-04-10
8246,24028,no2,NO2,2020-05-06,2026-04-10
8246,24027,o3,O3,2020-05-06,2026-04-10
221606,1288172,no2,NO2,2021-03-01,2021-07-25
8531,24791,no2,NO2,2020-05-06,2026-04-10
8531,24790,o3,O3,2020-05-06,2026-04-10
8530,15538691,pm10,PM10,2026-02-24,2026-04-07
8530,15538675,pm25,PM2_5,2026-02-24,2026-04-07
8530,24788,no2,NO2,2020-05-06,2026-04-07
8530,24787,o3,O3,2020-05-06,2026-04-07
565178,3139409,o3,O3,2023-02-14,2026-04-10
565178,3139410,no2,NO2,2023-02-14,2026-04-10
8229,24187,no2,NO2,2020-05-06,2026-04-10
8229,7773310,pm10,PM10,2024-01-28,2025-04-03
7498,22133,pm10,PM10,2017-11-01,2020-05-05
7498,21742,no2,NO2,2017-11-01,2020-03-12
7498,22134,pm25,PM2_5,2020-03-28,2020-05-05
7498,22132,o3,O3,2017-11-01,2020-05-05
7792,22635,pm10,PM10,2020-06-17,2026-02-18
7792,24781,no2,NO2,2020-05-06,2026-04-07
7792,22633,pm25,PM2_5,2020-06-17,2026-02-18
8101,23568,o3,O3,2020-05-06,2026-04-07
8101,23567,no2,NO2,2020-05-06,2026-04-07
8101,23480,pm25,PM2_5,2020-05-06,2026-04-07
8098,23570,no2,NO2,2020-05-06,2026-04-07
8098,23472,pm25,PM2_5,2020-05-06,2026-04-07
2162953,7773450,o3,O3,2024-01-28,2026-04-10
2162953,7774067,no2,NO2,2024-01-28,2026-04-10
8527,15538665,pm25,PM2_5,2026-02-24,2026-04-07
8527,15538671,pm10,PM10,2026-02-24,2026-04-07
8527,24780,no2,NO2,2020-05-06,2026-04-10
8527,24779,o3,O3,2020-05-06,2026-04-10
2162855,7773382,pm25,PM2_5,2024-01-28,2024-07-11
2162855,7773061,o3,O3,2024-01-28,2024-07-11
2162855,7774383,no2,NO2,2024-01-28,2024-07-11
2162855,7775563,pm10,PM10,2024-01-28,2024-07-11
8121,23575,no2,NO2,2020-05-06,2026-04-07
8104,5078816,no2,NO2,2023-05-06,2026-04-07
8122,5078389,o3,O3,2023-05-06,2026-04-07
7538,21942,o3,O3,2018-01-29,2026-04-09
7538,21830,pm25,PM2_5,2018-01-28,2026-04-08
7538,21948,no2,NO2,2018-01-29,2026-04-09
7538,21818,pm10,PM10,2018-01-28,2026-04-08
7539,21819,pm25,PM2_5,2018-01-28,2026-04-08
7539,21919,o3,O3,2018-01-29,2026-04-10
7539,21821,pm10,PM10,2018-01-28,2026-04-08
7539,21909,no2,NO2,2018-01-29,2026-04-10
8621,15538670,pm25,PM2_5,2026-02-24,2026-04-07
8621,15538698,pm10,PM10,2026-02-24,2026-04-07
8621,25039,no2,NO2,2020-05-08,2026-04-10
7542,21825,pm10,PM10,2018-01-28,2026-04-08
7542,21824,pm25,PM2_5,2018-01-28,2026-04-08
7542,21906,no2,NO2,2018-01-29,2026-04-09
7542,21908,o3,O3,2018-01-29,2026-04-09
8234,23992,o3,O3,2020-05-06,2026-04-07
8234,23991,no2,NO2,2020-05-06,2026-04-07
8264,12130522,no2,NO2,2025-01-28,2026-04-10
8043,24294,no2,NO2,2020-05-06,2026-04-10
8043,24292,o3,O3,2020-05-06,2026-04-10
8525,5078289,pm10,PM10,2023-05-06,2026-04-03
8525,24769,no2,NO2,2020-05-06,2026-04-10
8525,5078271,pm25,PM2_5,2023-05-06,2026-04-03
2162987,7774773,o3,O3,2024-01-28,2026-04-10
2162987,7775033,no2,NO2,2024-01-28,2026-04-10
221493,1287727,no2,NO2,2021-02-28,2024-01-28
221610,1288185,no2,NO2,2021-03-01,2026-04-07
8623,15538667,pm25,PM2_5,2026-02-24,2026-04-07
8623,15538672,pm10,PM10,2026-02-24,2026-04-07
8623,25043,no2,NO2,2020-05-06,2026-04-10
2162960,7772721,no2,NO2,2024-01-29,2026-04-10
2162960,7774112,o3,O3,2024-01-28,2026-04-10
8099,23588,no2,NO2,2020-05-06,2026-04-07
8099,23475,pm25,PM2_5,2020-05-06,2026-03-10
8099,23589,o3,O3,2020-05-06,2026-04-07
8358,24285,no2,NO2,2020-05-06,2026-04-10
8358,7773064,pm25,PM2_5,2024-01-28,2026-04-07
8358,7773708,pm10,PM10,2024-01-28,2026-04-07
8355,24278,o3,O3,2020-05-06,2026-04-10
8355,24284,no2,NO2,2020-05-06,2026-04-10
8355,7774064,pm10,PM10,2024-01-28,2026-04-07
8355,9324555,pm25,PM2_5,2024-05-19,2026-04-07
8196,23911,no2,NO2,2020-05-06,2026-04-10
8195,23909,no2,NO2,2020-05-06,2026-04-10
8194,23907,no2,NO2,2020-05-06,2026-04-10
7621,22125,pm25,PM2_5,2020-03-28,2020-05-05
7621,22124,pm10,PM10,2017-11-01,2020-05-05
7621,22123,o3,O3,2017-11-01,2020-05-05
7621,22122,no2,NO2,2017-11-01,2020-05-05
8329,24215,no2,NO2,2020-05-06,2026-04-10
8329,24211,o3,O3,2020-05-06,2026-04-10
8521,24756,o3,O3,2020-05-06,2026-04-10
8521,24757,no2,NO2,2020-05-06,2026-04-10
8519,24751,o3,O3,2020-05-06,2026-04-10
8519,24752,no2,NO2,2020-05-06,2026-04-10
8516,11710004,no2,NO2,2024-12-15,2026-04-10
8516,11710006,o3,O3,2024-12-15,2026-04-10
8311,24181,no2,NO2,2020-05-06,2026-04-10
8311,24180,o3,O3,2020-05-06,2026-04-10
8071,23411,no2,NO2,2020-07-01,2026-04-07
8071,24174,o3,O3,2020-05-06,2026-04-07
8197,23912,no2,NO2,2020-05-06,2026-04-10
8197,23913,o3,O3,2020-05-06,2026-04-10
8515,24741,no2,NO2,2020-05-06,2026-04-10
8515,24740,o3,O3,2020-05-06,2026-04-10
8513,24738,no2,NO2,2020-05-06,2026-04-10
8513,24737,o3,O3,2020-05-06,2026-04-10
8198,23914,no2,NO2,2020-05-06,2026-04-10
221503,1287756,no2,NO2,2021-02-28,2026-04-07
8307,24170,no2,NO2,2020-05-06,2026-04-10
8512,24734,o3,O3,2020-05-06,2026-04-10
8512,24735,no2,NO2,2020-05-06,2026-04-10
8511,24732,no2,NO2,2020-05-06,2026-04-10
8510,24729,o3,O3,2020-05-06,2026-04-10
8510,24730,no2,NO2,2020-05-06,2026-04-10
8300,5078383,no2,NO2,2022-10-04,2026-04-10
8300,5078635,o3,O3,2022-10-04,2026-04-10
8199,23915,no2,NO2,2020-05-06,2026-04-10
8509,24726,no2,NO2,2020-05-06,2026-04-10
8509,1702605,pm25,PM2_5,2022-03-09,2026-04-10
8509,1702603,pm10,PM10,2022-03-09,2026-04-10
8508,24723,o3,O3,2020-05-06,2026-04-10
8508,24724,no2,NO2,2020-05-06,2026-04-10
8507,24721,no2,NO2,2020-05-06,2026-04-10
8506,24720,no2,NO2,2020-05-14,2026-03-11
8506,24719,o3,O3,2020-05-14,2026-03-11
8505,24717,no2,NO2,2020-05-06,2026-04-10
8505,7531550,pm10,PM10,2023-12-12,2026-04-10
8505,7531551,pm25,PM2_5,2023-12-12,2026-04-10
8504,24715,o3,O3,2020-05-06,2026-04-10
8504,24716,no2,NO2,2020-05-06,2026-04-10
2162998,7774457,no2,NO2,2024-01-28,2026-04-10
2162998,7775957,o3,O3,2024-01-28,2025-12-31
2162996,7772783,o3,O3,2024-01-28,2025-12-31
2162996,7773870,no2,NO2,2024-01-28,2026-04-10
8503,24713,no2,NO2,2020-05-06,2026-04-10
8503,24712,o3,O3,2020-05-06,2026-04-10
8063,15538674,pm10,PM10,2026-02-24,2026-04-07
8063,15538678,pm25,PM2_5,2026-02-24,2026-04-07
8063,24709,o3,O3,2020-05-06,2026-04-07
8063,23378,no2,NO2,2020-05-06,2026-04-07
229244,15538696,pm25,PM2_5,2026-02-24,2026-04-07
229244,15538705,pm10,PM10,2026-02-24,2026-04-07
229244,1320594,no2,NO2,2021-07-09,2026-04-07
229244,1320595,o3,O3,2021-07-09,2026-04-07
8013,23249,o3,O3,2020-05-06,2026-04-10
8013,15538694,pm10,PM10,2026-02-24,2026-04-07
8013,15538681,pm25,PM2_5,2026-02-24,2026-04-07
8013,23250,no2,NO2,2020-05-06,2026-04-10
8281,24707,no2,NO2,2020-05-06,2023-08-30
8281,24705,pm10,PM10,2020-05-06,2023-08-30
8281,24706,o3,O3,2020-05-06,2023-08-30
8281,24704,pm25,PM2_5,2020-05-06,2023-08-30
8499,24694,pm25,PM2_5,2020-05-06,2026-04-07
8499,24696,no2,NO2,2020-05-06,2026-04-07
2163023,8622644,no2,NO2,2024-03-18,2026-04-10
221505,1287742,pm25,PM2_5,2021-02-28,2024-01-26
221505,1287752,no2,NO2,2021-02-28,2024-01-28
221505,1287749,pm10,PM10,2021-02-28,2024-01-26
221505,1287745,o3,O3,2021-02-28,2024-01-28
2162938,7773852,no2,NO2,2024-01-28,2026-04-07
2162938,7774791,o3,O3,2024-01-28,2026-04-07
2162938,7852821,pm10,PM10,2024-02-10,2026-02-18
2162938,7852822,pm25,PM2_5,2024-02-10,2026-02-18
2166225,7779950,no2,NO2,2024-01-30,2026-04-07
2166225,7852820,pm25,PM2_5,2024-02-10,2026-02-18
2162994,7774990,no2,NO2,2024-01-28,2026-04-10
2162994,7775514,o3,O3,2024-01-28,2026-04-10
2162994,7852823,pm10,PM10,2024-02-10,2026-02-18
2162994,7852818,pm25,PM2_5,2024-02-10,2026-02-18
2162992,7772879,no2,NO2,2024-01-28,2026-04-10
2162992,7775287,o3,O3,2024-01-28,2026-04-10
2162992,7852819,pm10,PM10,2024-02-10,2026-02-18
2162992,7852816,pm25,PM2_5,2024-02-10,2026-02-18
2162935,7774721,no2,NO2,2024-01-28,2026-04-10
2162935,7772972,o3,O3,2024-01-28,2026-04-10
2163022,7773323,o3,O3,2024-01-28,2025-12-31
2163025,7772752,o3,O3,2024-01-28,2025-12-31
2163025,7775960,no2,NO2,2024-01-28,2026-04-10
7549,21922,no2,NO2,2018-01-29,2026-04-10
7549,21837,pm10,PM10,2018-01-28,2026-04-07
7549,6629241,pm25,PM2_5,2023-07-24,2026-04-07
8496,24685,no2,NO2,2020-05-06,2026-04-10
6267695,15652251,no2,NO2,2026-03-09,2026-04-10
2163017,7773841,no2,NO2,2024-01-28,2026-04-10
8167,24679,no2,NO2,2020-05-06,2026-04-10
8167,24678,o3,O3,2020-05-06,2026-04-10
8266,24074,o3,O3,2020-05-06,2026-04-10
8266,24075,no2,NO2,2020-05-06,2026-04-10
8493,24674,o3,O3,2020-05-06,2026-04-10
8493,24675,no2,NO2,2020-05-06,2026-04-10
8492,24671,no2,NO2,2020-05-06,2026-04-10
8492,24670,o3,O3,2020-05-06,2026-04-10
2162889,14392759,pm10,PM10,2025-10-16,2026-04-10
2162889,14392761,pm25,PM2_5,2025-10-16,2026-04-10
2162889,7775220,no2,NO2,2024-01-28,2026-04-10
2162891,7773983,no2,NO2,2024-01-28,2026-04-10
2162897,14392767,pm10,PM10,2025-10-16,2026-04-10
2162897,14392777,pm25,PM2_5,2025-10-16,2026-04-10
2162897,7775404,no2,NO2,2024-01-28,2026-04-10
2162897,7775422,o3,O3,2024-01-28,2026-04-10
2162888,14392768,pm25,PM2_5,2025-10-16,2026-04-10
2162888,14392781,pm10,PM10,2025-10-16,2026-04-10
2162888,7774020,no2,NO2,2024-01-28,2026-04-10
2162888,7773132,o3,O3,2024-01-28,2026-04-10
2335282,14392776,pm10,PM10,2025-10-16,2026-04-10
2335282,14392784,pm25,PM2_5,2025-10-16,2026-04-10
2335282,7798110,no2,NO2,2024-02-02,2026-04-10
2162894,14392762,pm25,PM2_5,2025-10-16,2026-04-10
2162894,14392782,pm10,PM10,2025-10-16,2026-04-10
2162894,7775714,no2,NO2,2024-01-28,2026-04-10
2162894,7774659,o3,O3,2024-01-28,2026-04-10
2162892,14392756,pm25,PM2_5,2025-10-16,2026-04-10
2162892,14392765,pm10,PM10,2025-10-16,2026-04-10
2162892,7772847,no2,NO2,2024-01-28,2026-04-10
2162892,7774056,o3,O3,2024-01-28,2026-04-10
2162893,14392774,pm10,PM10,2025-10-16,2026-04-10
2162893,14392785,pm25,PM2_5,2025-10-16,2026-04-10
2162893,7774920,no2,NO2,2024-01-28,2026-04-10
2162904,7773712,no2,NO2,2024-01-28,2026-04-10
2162904,7773786,pm10,PM10,2024-01-28,2026-04-10
2162904,7774434,pm25,PM2_5,2024-01-28,2026-04-10
2162895,7774252,pm25,PM2_5,2024-01-28,2026-04-10
2162895,7774607,no2,NO2,2024-01-28,2026-04-10
2162895,7775676,pm10,PM10,2024-01-28,2026-04-10
2162896,7773245,no2,NO2,2024-01-28,2026-04-10
2162896,7774309,pm25,PM2_5,2024-01-28,2026-04-10
2162896,7775062,pm10,PM10,2024-01-28,2026-04-10
8594,24972,o3,O3,2020-05-06,2026-04-10
8594,24971,no2,NO2,2020-05-06,2026-04-10
2162882,14392764,pm10,PM10,2025-10-16,2026-04-10
2162882,14392773,pm25,PM2_5,2025-10-16,2026-04-10
2162882,7773590,o3,O3,2024-01-28,2026-04-10
2162882,7774139,no2,NO2,2024-01-28,2026-04-10
2162907,7772845,o3,O3,2024-01-28,2025-12-31
2162907,7775724,no2,NO2,2024-01-28,2026-04-10
8488,5078293,pm25,PM2_5,2023-05-06,2026-04-03
8488,24665,no2,NO2,2020-05-06,2026-04-10
8488,5078272,pm10,PM10,2023-05-06,2026-04-03
7544,21920,no2,NO2,2018-01-29,2026-04-10
7544,21829,pm25,PM2_5,2018-01-28,2026-04-08
7544,21926,o3,O3,2019-01-11,2026-04-10
7544,21828,pm10,PM10,2018-01-28,2026-04-08
7519,1561965,pm25,PM2_5,2021-11-14,2026-04-08
7519,21776,no2,NO2,2018-01-29,2026-04-10
7519,21770,pm10,PM10,2018-01-28,2026-04-08
7519,21778,o3,O3,2018-01-29,2026-04-10
7512,21765,pm25,PM2_5,2018-01-28,2024-09-26
7512,21785,no2,NO2,2018-01-29,2024-09-27
7512,21762,pm10,PM10,2018-01-28,2024-09-26
7518,5079444,pm10,PM10,2022-09-29,2026-04-08
7518,5079445,pm25,PM2_5,2022-09-29,2026-04-08
7518,5079446,no2,NO2,2022-09-29,2026-04-10
7517,21789,no2,NO2,2018-01-29,2026-04-10
7517,21768,pm25,PM2_5,2018-01-28,2026-04-08
7517,21774,pm10,PM10,2018-01-28,2026-04-08
7514,21764,pm10,PM10,2018-01-28,2026-04-08
7514,21773,pm25,PM2_5,2018-01-28,2026-04-08
7514,21775,o3,O3,2018-01-29,2026-04-10
7514,21777,no2,NO2,2018-01-29,2026-04-10
2162886,7773664,no2,NO2,2024-01-28,2026-04-10
2162886,7775077,o3,O3,2024-01-28,2026-04-10
2162899,14392757,pm10,PM10,2025-10-16,2026-04-10
2162899,14392766,pm25,PM2_5,2025-10-16,2026-04-10
2162899,7773357,no2,NO2,2024-01-28,2026-04-10
2162899,7773362,o3,O3,2024-01-28,2026-04-10
2162884,14392758,pm10,PM10,2025-10-16,2026-04-10
2162884,14392775,pm25,PM2_5,2025-10-16,2026-04-10
2162884,7773525,no2,NO2,2024-01-28,2026-04-10
2162984,7773487,no2,NO2,2024-01-28,2026-04-10
2162956,7775319,o3,O3,2024-01-28,2026-04-10
2162956,7775941,no2,NO2,2024-01-28,2026-04-10
2163003,7774462,no2,NO2,2024-01-28,2026-04-10
2162985,7774179,o3,O3,2024-01-28,2026-04-10
2162985,7774482,no2,NO2,2024-01-28,2026-04-10
2162885,7775210,o3,O3,2024-01-28,2026-04-10
2162885,7775373,no2,NO2,2024-01-28,2026-04-10
2162921,7774800,no2,NO2,2024-01-28,2026-04-07
2163020,7774353,o3,O3,2024-01-28,2025-11-05
2163020,7774777,no2,NO2,2024-01-28,2026-04-10
2162843,7773866,no2,NO2,2024-01-28,2026-04-10
2162843,7777523,pm25,PM2_5,2024-01-29,2026-04-07
2162983,7773491,o3,O3,2024-01-28,2026-04-10
2162983,7772849,no2,NO2,2024-01-28,2026-04-10
2162947,7773639,no2,NO2,2024-01-28,2026-04-10
2162976,7774203,o3,O3,2024-01-28,2026-04-10
2162976,7775762,no2,NO2,2024-01-28,2026-04-10
2162990,7775351,o3,O3,2024-01-28,2026-04-10
2162990,7775959,no2,NO2,2024-01-28,2026-04-10
2162963,7773257,no2,NO2,2024-01-28,2026-04-10
2162982,7774723,o3,O3,2024-01-28,2026-04-10
2162982,7772927,no2,NO2,2024-01-28,2026-04-10
6267693,15652250,no2,NO2,2026-03-09,2026-04-10
6267694,15652248,pm10,PM10,2026-03-09,2026-04-10
6267694,15652249,pm25,PM2_5,2026-03-09,2026-04-10
6267694,15652252,no2,NO2,2026-03-09,2026-04-10
221595,1288149,no2,NO2,2021-03-01,2024-01-23
