date,PM2_5,openaq_id,pred_rf,split
2025-05-01,18.6,IT0459A,15.178780952380933,time
2025-06-01,12.2,IT0459A,18.280877155483402,time
2025-07-01,15.1,IT0459A,14.177621897546901,time
2025-08-01,9.96,IT0459A,12.724714632936507,time
2025-09-01,9.95,IT0459A,14.442277000000006,time
2025-10-01,18.8,IT0459A,17.878928710317467,time
2025-11-01,23.1,IT0459A,20.223312797619045,time
2025-05-01,19.9,IT0460A,14.287920238095234,time
2025-06-01,11.1,IT0460A,17.157063898809525,time
2025-07-01,15.2,IT0460A,13.211848690476199,time
2025-08-01,13.7,IT0460A,11.732419781746032,time
2025-09-01,12.8,IT0460A,13.40413565476192,time
2025-10-01,14.0,IT0460A,15.993511607142864,time
2025-11-01,20.5,IT0460A,16.18102958333333,time
2025-05-01,20.7,IT0461A,13.323754642857136,time
2025-06-01,14.4,IT0461A,16.57392382936507,time
2025-07-01,14.6,IT0461A,15.664356309523804,time
2025-08-01,8.97,IT0461A,12.78102829365079,time
2025-09-01,9.53,IT0461A,13.2411712653319,time
2025-10-01,14.6,IT0461A,17.225607341269853,time
2025-11-01,23.1,IT0461A,15.419331130952365,time
2025-05-01,14.8,IT0477A,13.46471298611111,time
2025-06-01,9.0,IT0477A,14.379776726190478,time
2025-07-01,12.0,IT0477A,12.848379072420633,time
2025-08-01,12.3,IT0477A,8.446824287518046,time
2025-09-01,27.1,IT0477A,13.327541279761917,time
2025-10-01,29.8,IT0477A,27.61776519841268,time
2025-11-01,31.6,IT0477A,31.195567857142866,time
2025-05-01,11.8,IT0480A,11.680618371031741,time
2025-07-01,11.7,IT0480A,12.586467036435785,time
2025-08-01,9.94,IT0480A,8.353050934343445,time
2025-09-01,20.8,IT0480A,12.899220684523806,time
2025-10-01,25.2,IT0480A,29.795970376984116,time
2025-11-01,29.8,IT0480A,29.82342192460317,time
2025-05-01,12.2,IT0499A,9.057520178571426,time
2025-06-01,6.51,IT0499A,11.696492073412701,time
2025-07-01,9.93,IT0499A,13.187104463293652,time
2025-08-01,6.71,IT0499A,8.67572025396825,time
2025-09-01,9.53,IT0499A,8.912182311507939,time
2025-10-01,14.6,IT0499A,14.67856765873016,time
2025-11-01,26.6,IT0499A,16.853714107142867,time
2025-05-01,16.4,IT0591A,11.465934166666665,time
2025-06-01,8.85,IT0591A,16.25159484126986,time
2025-07-01,12.1,IT0591A,9.868000332341277,time
2025-08-01,8.19,IT0591A,8.89666611111111,time
2025-09-01,11.9,IT0591A,10.564538015873023,time
2025-10-01,12.6,IT0591A,14.93130521284271,time
2025-11-01,15.1,IT0591A,16.54600482142856,time
2025-06-01,8.55,IT0594A,13.98078714285714,time
2025-07-01,7.47,IT0594A,11.351775277236655,time
2025-08-01,8.67,IT0594A,10.619154404761906,time
2025-09-01,16.9,IT0594A,11.546158134920637,time
2025-10-01,18.7,IT0594A,27.93186359126985,time
2025-11-01,19.7,IT0594A,21.350047321428587,time
2025-08-01,10.3,IT0692A,11.29820689087301,time
2025-09-01,17.2,IT0692A,14.801556369047614,time
2025-10-01,28.5,IT0692A,27.254831666666693,time
2025-11-01,26.9,IT0692A,29.31131180555558,time
2025-05-01,14.9,IT0703A,9.63741693452381,time
2025-06-01,6.7,IT0703A,13.61601432539682,time
2025-07-01,8.9,IT0703A,9.902051383928582,time
2025-08-01,5.65,IT0703A,8.122578140873017,time
2025-09-01,9.37,IT0703A,10.705449208333329,time
2025-10-01,14.0,IT0703A,14.9054755654762,time
2025-11-01,20.3,IT0703A,17.60956795093795,time
2025-05-01,13.2,IT0707A,11.678689255952381,time
2025-06-01,6.58,IT0707A,15.419921408730147,time
2025-07-01,11.0,IT0707A,9.028321651785715,time
2025-08-01,4.35,IT0707A,8.515186093073593,time
2025-09-01,15.5,IT0707A,8.967246929563496,time
2025-10-01,15.8,IT0707A,27.4484305952381,time
2025-11-01,15.3,IT0707A,19.401429206349196,time
2025-05-01,13.9,IT0771A,11.203147579365076,time
2025-06-01,8.62,IT0771A,15.460758630952384,time
2025-07-01,11.8,IT0771A,11.98003221130951,time
2025-08-01,10.4,IT0771A,8.476142839105341,time
2025-09-01,16.2,IT0771A,11.971361706349201,time
2025-10-01,16.4,IT0771A,29.24432597222221,time
2025-11-01,16.4,IT0771A,20.383467559523815,time
2025-05-01,17.6,IT0777A,12.765296319444447,time
2025-06-01,10.6,IT0777A,16.70317130952381,time
2025-07-01,11.1,IT0777A,12.054396309523808,time
2025-08-01,8.71,IT0777A,9.263430089285709,time
2025-09-01,20.8,IT0777A,11.534578601190471,time
2025-10-01,23.4,IT0777A,27.006013234126975,time
2025-11-01,21.9,IT0777A,26.087316369047638,time
2025-05-01,13.6,IT0778A,11.553780208333329,time
2025-06-01,6.93,IT0778A,13.557242400793655,time
2025-07-01,8.56,IT0778A,9.159015927579363,time
2025-08-01,7.59,IT0778A,10.701972113095232,time
2025-09-01,20.4,IT0778A,9.724819464285714,time
2025-10-01,26.0,IT0778A,26.603631111111085,time
2025-11-01,29.8,IT0778A,27.742990277777764,time
2025-05-01,14.9,IT0825A,10.74910528769841,time
2025-06-01,9.9,IT0825A,14.384623630952381,time
2025-07-01,10.3,IT0825A,11.56159500270563,time
2025-08-01,8.64,IT0825A,9.299773283730163,time
2025-09-01,10.0,IT0825A,10.58462233928571,time
2025-10-01,12.7,IT0825A,15.032266388888898,time
2025-11-01,20.9,IT0825A,13.676119871031739,time
2025-05-01,23.3,IT0840A,22.088423432539688,time
2025-06-01,13.1,IT0840A,19.0559152245671,time
2025-07-01,18.3,IT0840A,16.01326642857143,time
2025-08-01,18.8,IT0840A,16.153766269841277,time
2025-09-01,26.8,IT0840A,15.696525046897557,time
2025-10-01,37.3,IT0840A,27.453935055916315,time
2025-11-01,35.5,IT0840A,35.54490833333333,time
2025-05-01,14.4,IT0862A,10.777916458333333,time
2025-06-01,8.65,IT0862A,14.652181904761914,time
2025-07-01,9.29,IT0862A,9.822557519841276,time
2025-08-01,8.9,IT0862A,9.529499682539674,time
2025-09-01,9.3,IT0862A,9.42176529761905,time
2025-10-01,14.1,IT0862A,12.771436031746035,time
2025-05-01,13.0,IT0863A,8.624358920454547,time
2025-06-01,7.94,IT0863A,12.963321818181814,time
2025-07-01,9.65,IT0863A,8.581776205357144,time
2025-08-01,6.1,IT0863A,8.451020992063492,time
2025-09-01,6.53,IT0863A,8.107660045093791,time
2025-10-01,8.33,IT0863A,9.99888389880952,time
2025-11-01,11.8,IT0863A,9.09410905753968,time
2025-05-01,8.3,IT0867A,7.005213660714287,time
2025-06-01,4.9,IT0867A,9.092050706349212,time
2025-07-01,5.68,IT0867A,6.545961468253961,time
2025-08-01,3.17,IT0867A,7.214789831349207,time
2025-09-01,5.57,IT0867A,6.679986688492066,time
2025-10-01,13.3,IT0867A,9.331540016774893,time
2025-11-01,26.2,IT0867A,15.346589136904768,time
2025-05-01,13.4,IT0887A,9.387268799603177,time
2025-06-01,8.0,IT0887A,13.076224523809516,time
2025-07-01,8.97,IT0887A,10.940943060515885,time
2025-08-01,6.3,IT0887A,9.428214355158737,time
2025-09-01,6.6,IT0887A,8.436218085317448,time
2025-10-01,10.9,IT0887A,11.227575992965363,time
2025-11-01,19.5,IT0887A,11.299698710317465,time
2025-05-01,12.6,IT0889A,10.658122093253962,time
2025-06-01,8.47,IT0889A,13.32206621212122,time
2025-07-01,10.0,IT0889A,8.774026884920644,time
2025-08-01,7.61,IT0889A,8.964902678571427,time
2025-09-01,12.4,IT0889A,9.396428779761901,time
2025-10-01,22.4,IT0889A,14.573078085317464,time
2025-11-01,41.2,IT0889A,25.58057787698414,time
2025-05-01,11.2,IT0908A,7.922457033730163,time
2025-06-01,3.72,IT0908A,11.325474866071438,time
2025-07-01,6.06,IT0908A,8.303513678571429,time
2025-08-01,4.08,IT0908A,7.776566444444445,time
2025-09-01,7.04,IT0908A,6.521916303571433,time
2025-10-01,9.95,IT0908A,9.770186289682545,time
2025-11-01,17.4,IT0908A,13.469772777777786,time
2025-05-01,16.3,IT0912A,12.647441567460328,time
2025-06-01,9.84,IT0912A,18.432446091269846,time
2025-07-01,13.5,IT0912A,12.058445558261196,time
2025-08-01,12.5,IT0912A,9.181508263888889,time
2025-09-01,24.6,IT0912A,13.912535912698427,time
2025-10-01,30.3,IT0912A,24.956696428571437,time
2025-11-01,27.6,IT0912A,31.03906785714284,time
2025-05-01,15.5,IT0934A,11.82344832142856,time
2025-06-01,15.4,IT0934A,13.673021199494954,time
2025-07-01,10.0,IT0934A,13.853955416666679,time
2025-08-01,9.06,IT0934A,10.889545833333337,time
2025-09-01,12.1,IT0934A,11.02399982936508,time
2025-10-01,22.4,IT0934A,14.721082946428558,time
2025-11-01,47.2,IT0934A,26.044471735209264,time
2025-05-01,13.8,IT0945A,8.820489126984128,time
2025-06-01,7.8,IT0945A,12.429936924603176,time
2025-07-01,8.81,IT0945A,8.667693370039677,time
2025-08-01,7.22,IT0945A,10.161192088675211,time
2025-09-01,8.44,IT0945A,10.336232113095242,time
2025-10-01,17.5,IT0945A,13.759643105158743,time
2025-05-01,13.3,IT0950A,8.205014526515146,time
2025-06-01,6.78,IT0950A,14.19078895833334,time
2025-07-01,8.89,IT0950A,8.794943251262634,time
2025-08-01,5.56,IT0950A,8.990133253968258,time
2025-09-01,8.57,IT0950A,8.758837999999999,time
2025-10-01,16.6,IT0950A,11.647967664682534,time
2025-05-01,12.5,IT0952A,9.06656220238095,time
2025-06-01,6.94,IT0952A,13.959460259740256,time
2025-07-01,8.48,IT0952A,11.439233332431465,time
2025-08-01,5.9,IT0952A,8.697454532467527,time
2025-09-01,6.43,IT0952A,7.71218393849206,time
2025-10-01,7.52,IT0952A,9.043463492063493,time
2025-11-01,14.5,IT0952A,11.22935874542124,time
2025-05-01,13.0,IT0953A,10.240840585317466,time
2025-06-01,9.19,IT0953A,14.112419523809521,time
2025-07-01,9.46,IT0953A,10.035121106150791,time
2025-08-01,7.21,IT0953A,9.019753392857139,time
2025-09-01,9.07,IT0953A,9.56543216269842,time
2025-10-01,11.4,IT0953A,14.095662182539677,time
2025-11-01,19.3,IT0953A,12.082381746031746,time
2025-05-01,13.6,IT0956A,10.305389275793647,time
2025-06-01,10.4,IT0956A,13.86092910714286,time
2025-07-01,11.8,IT0956A,10.60664826388889,time
2025-08-01,9.0,IT0956A,8.815463493867245,time
2025-09-01,8.53,IT0956A,10.847320073953819,time
2025-10-01,12.5,IT0956A,15.862781706349217,time
2025-11-01,22.2,IT0956A,13.367113115079363,time
2025-05-01,16.0,IT0957A,9.959136369047616,time
2025-06-01,8.14,IT0957A,15.77731892857142,time
2025-07-01,10.7,IT0957A,8.939360729166673,time
2025-08-01,6.58,IT0957A,8.902207460317463,time
2025-09-01,8.79,IT0957A,9.093728125000004,time
2025-10-01,12.9,IT0957A,14.044060476190488,time
2025-11-01,23.7,IT0957A,12.684425436507938,time
2025-05-01,10.6,IT0989A,7.247953849206347,time
2025-06-01,6.19,IT0989A,10.669451211309518,time
2025-07-01,7.52,IT0989A,7.65715276515152,time
2025-08-01,4.07,IT0989A,8.052196331168831,time
2025-09-01,5.48,IT0989A,7.248693458333339,time
2025-10-01,6.58,IT0989A,8.449348859126989,time
2025-11-01,9.62,IT0989A,7.2680686435786415,time
2025-05-01,8.52,IT0992A,8.87821707341271,time
2025-06-01,6.58,IT0992A,9.78493162608225,time
2025-07-01,7.77,IT0992A,7.470373157467532,time
2025-08-01,5.07,IT0992A,7.754891378968251,time
2025-09-01,6.6,IT0992A,8.24116592261904,time
2025-10-01,9.3,IT0992A,9.3797831845238,time
2025-11-01,15.6,IT0992A,11.419101170634917,time
2025-06-01,12.2,IT1016A,13.307539821428577,time
2025-07-01,13.6,IT1016A,12.836102777777763,time
2025-08-01,13.0,IT1016A,8.672854305555552,time
2025-09-01,24.0,IT1016A,14.404546815476195,time
2025-10-01,27.8,IT1016A,26.85708748015871,time
2025-11-01,30.1,IT1016A,31.17243531746033,time
2025-05-01,12.4,IT1110A,8.777452628968256,time
2025-06-01,7.45,IT1110A,13.112498910533906,time
2025-07-01,11.0,IT1110A,8.385384056637806,time
2025-08-01,7.45,IT1110A,8.67630804563492,time
2025-09-01,10.0,IT1110A,8.53250640873016,time
2025-10-01,16.2,IT1110A,17.026480575396835,time
2025-05-01,17.6,IT1153A,13.103249623015861,time
2025-06-01,11.6,IT1153A,16.320685833333336,time
2025-07-01,14.8,IT1153A,13.40535270833334,time
2025-08-01,13.1,IT1153A,10.718193541666665,time
2025-09-01,23.3,IT1153A,14.802515863095234,time
2025-10-01,32.1,IT1153A,23.8009203373016,time
2025-11-01,31.0,IT1153A,33.70683571428573,time
2025-05-01,15.2,IT1183A,11.030703589285704,time
2025-06-01,10.8,IT1183A,14.021258869047616,time
2025-07-01,11.6,IT1183A,12.076017579365077,time
2025-08-01,9.03,IT1183A,9.816209910714285,time
2025-09-01,11.3,IT1183A,10.850964034090898,time
2025-10-01,27.2,IT1183A,18.67294248015874,time
2025-11-01,49.4,IT1183A,41.42477281746032,time
2025-05-01,14.0,IT1184A,10.353550386904756,time
2025-06-01,9.39,IT1184A,13.584847343073605,time
2025-07-01,11.7,IT1184A,9.583944156746036,time
2025-08-01,6.7,IT1184A,8.901706797438669,time
2025-09-01,7.6,IT1184A,9.53348389285714,time
2025-10-01,12.4,IT1184A,14.088901547619049,time
2025-11-01,21.6,IT1184A,15.556882837301576,time
2025-05-01,12.5,IT1186A,9.31701896013709,time
2025-06-01,7.77,IT1186A,12.565380765692632,time
2025-07-01,10.5,IT1186A,9.673633209325397,time
2025-08-01,5.85,IT1186A,8.57772663690476,time
2025-09-01,8.94,IT1186A,9.25450087301587,time
2025-10-01,16.0,IT1186A,15.74487408730158,time
2025-05-01,14.0,IT1187A,10.31185110119046,time
2025-06-01,6.99,IT1187A,13.60956074675325,time
2025-07-01,9.16,IT1187A,8.402231651785717,time
2025-08-01,6.95,IT1187A,9.729559642857136,time
2025-09-01,11.0,IT1187A,8.540153095238102,time
2025-10-01,23.4,IT1187A,15.709707410714289,time
2025-06-01,6.16,IT1247A,15.36737430555556,time
2025-07-01,9.2,IT1247A,11.875914389880956,time
2025-08-01,5.73,IT1247A,9.657969136904754,time
2025-09-01,13.9,IT1247A,7.913864494047608,time
2025-10-01,11.8,IT1247A,18.990584047619066,time
2025-11-01,12.9,IT1247A,16.918103184523833,time
2025-05-01,0.0661,IT1264A,8.727507783838377,time
2025-10-01,2.02,IT1264A,11.69502549891775,time
2025-11-01,1.2,IT1264A,6.607425183946612,time
2025-05-01,8.55,IT1269A,8.932761041666666,time
2025-06-01,8.49,IT1269A,8.906063164682548,time
2025-07-01,6.79,IT1269A,8.527968611111104,time
2025-08-01,4.31,IT1269A,6.395242499999994,time
2025-09-01,4.19,IT1269A,6.961334544552667,time
2025-10-01,6.57,IT1269A,6.209281970238091,time
2025-11-01,8.29,IT1269A,7.706271875000004,time
2025-05-01,18.4,IT1286A,13.265874345238096,time
2025-06-01,11.2,IT1286A,17.623517321428576,time
2025-07-01,14.8,IT1286A,13.224064345238107,time
2025-08-01,14.2,IT1286A,10.804469246031745,time
2025-09-01,22.2,IT1286A,15.584249734848484,time
2025-10-01,26.4,IT1286A,26.517535436507927,time
2025-11-01,34.9,IT1286A,29.831992658730165,time
2025-05-01,10.2,IT1294A,9.342581636904765,time
2025-06-01,5.78,IT1294A,12.128457906746023,time
2025-07-01,10.8,IT1294A,8.498058771645022,time
2025-08-01,5.76,IT1294A,8.563255462301587,time
2025-09-01,14.7,IT1294A,8.78374953869048,time
2025-10-01,63.6,IT1294A,25.503126855158722,time
2025-11-01,20.1,IT1294A,35.50606130952382,time
2025-05-01,16.6,IT1388A,12.375859077380959,time
2025-06-01,12.3,IT1388A,18.148371509740276,time
2025-07-01,11.6,IT1388A,13.787623511904783,time
2025-08-01,8.61,IT1388A,9.052109970238098,time
2025-09-01,15.2,IT1388A,11.415512797619037,time
2025-10-01,20.6,IT1388A,26.346043630952394,time
2025-11-01,21.6,IT1388A,21.57559345238097,time
2025-05-01,14.7,IT1409A,10.33796163690476,time
2025-06-01,8.8,IT1409A,13.3547317063492,time
2025-07-01,11.0,IT1409A,9.629256125992063,time
2025-08-01,7.98,IT1409A,9.21710139069264,time
2025-09-01,11.2,IT1409A,9.664315684523812,time
2025-10-01,15.8,IT1409A,18.255783611111127,time
2025-05-01,0.053,IT1423A,7.948393332251072,time
2025-10-01,2.06,IT1423A,6.154929712626264,time
2025-11-01,1.36,IT1423A,8.347106798304482,time
2025-05-01,16.8,IT1464A,14.815799980158745,time
2025-06-01,10.2,IT1464A,18.590905428391057,time
2025-07-01,14.1,IT1464A,12.565116369047622,time
2025-08-01,10.6,IT1464A,10.051243412698405,time
2025-09-01,24.6,IT1464A,13.256774623015879,time
2025-10-01,28.2,IT1464A,25.852686825396816,time
2025-11-01,32.7,IT1464A,31.898464484127004,time
2025-05-01,19.8,IT1493A,14.75480840277777,time
2025-06-01,17.1,IT1493A,16.997206011904755,time
2025-07-01,20.4,IT1493A,17.746605952380957,time
2025-08-01,10.6,IT1493A,17.318893531746028,time
2025-09-01,14.2,IT1493A,14.565210694444438,time
2025-10-01,20.4,IT1493A,22.17672287698413,time
2025-11-01,40.6,IT1493A,21.81530382936507,time
2025-05-01,16.0,IT1504A,11.212696547619048,time
2025-06-01,12.1,IT1504A,15.694041001082246,time
2025-07-01,11.9,IT1504A,13.560968829365077,time
2025-08-01,8.52,IT1504A,12.265046875000005,time
2025-09-01,10.1,IT1504A,12.483768438492058,time
2025-10-01,12.5,IT1504A,14.278505436507942,time
2025-11-01,16.0,IT1504A,12.861010347222217,time
2025-05-01,16.3,IT1533A,12.401189787157296,time
2025-06-01,8.96,IT1533A,17.191397797619057,time
2025-07-01,11.4,IT1533A,13.38443889384922,time
2025-08-01,8.99,IT1533A,9.75943529761905,time
2025-09-01,20.4,IT1533A,12.618958749999983,time
2025-10-01,25.6,IT1533A,26.82529652777774,time
2025-11-01,26.8,IT1533A,29.573887599206344,time
2025-05-01,14.6,IT1553A,9.197732321428564,time
2025-06-01,8.44,IT1553A,14.814194900793655,time
2025-07-01,9.76,IT1553A,9.128281435786436,time
2025-08-01,7.31,IT1553A,9.33376382936507,time
2025-09-01,10.2,IT1553A,9.46934532738096,time
2025-10-01,23.1,IT1553A,13.030623253968251,time
2025-05-01,11.3,IT1557A,7.592748828463199,time
2025-06-01,6.44,IT1557A,11.33757305826118,time
2025-07-01,9.11,IT1557A,7.99406167162698,time
2025-08-01,4.41,IT1557A,9.075154499999998,time
2025-09-01,6.03,IT1557A,7.0268552777777735,time
2025-10-01,7.23,IT1557A,9.10925416666667,time
2025-05-01,13.2,IT1560A,9.464641160714278,time
2025-06-01,8.29,IT1560A,12.926062440476178,time
2025-07-01,9.61,IT1560A,9.034107221230169,time
2025-08-01,7.07,IT1560A,9.616621378968246,time
2025-09-01,8.05,IT1560A,9.091575136904758,time
2025-10-01,10.7,IT1560A,12.905093511904772,time
2025-05-01,6.43,IT1578A,7.688612486111101,time
2025-06-01,5.51,IT1578A,8.68715240097402,time
2025-07-01,6.1,IT1578A,8.330545893037515,time
2025-08-01,5.92,IT1578A,9.074653714285716,time
2025-09-01,11.1,IT1578A,10.202053785714286,time
2025-10-01,15.6,IT1578A,14.93642031746031,time
2025-11-01,28.0,IT1578A,17.287260436507935,time
2025-05-01,14.0,IT1588A,10.581733303571426,time
2025-06-01,8.1,IT1588A,13.272422301587296,time
2025-07-01,9.37,IT1588A,12.098324131944429,time
2025-08-01,4.73,IT1588A,9.555678492063493,time
2025-09-01,17.8,IT1588A,8.74670028769841,time
2025-10-01,15.6,IT1588A,27.8865313293651,time
2025-11-01,16.6,IT1588A,20.39632172619047,time
2025-05-01,15.1,IT1593A,9.442332698412695,time
2025-06-01,7.91,IT1593A,13.185356269841257,time
2025-07-01,10.3,IT1593A,9.217178804563495,time
2025-08-01,7.91,IT1593A,8.880230203823952,time
2025-09-01,6.62,IT1593A,9.133749226190472,time
2025-10-01,8.64,IT1593A,10.80428819444445,time
2025-05-01,14.8,IT1650A,11.868339325396823,time
2025-06-01,8.94,IT1650A,16.470517460317463,time
2025-07-01,8.25,IT1650A,11.081600401785723,time
2025-08-01,8.92,IT1650A,11.032860386904764,time
2025-09-01,20.3,IT1650A,11.506876726190471,time
2025-10-01,20.8,IT1650A,28.539113968253947,time
2025-11-01,24.5,IT1650A,23.907960714285718,time
2025-05-01,14.7,IT1654A,9.331756871212129,time
2025-06-01,8.32,IT1654A,12.753172976190466,time
2025-07-01,9.59,IT1654A,9.04122695436508,time
2025-08-01,8.1,IT1654A,9.328144112484729,time
2025-09-01,9.73,IT1654A,10.98668011904762,time
2025-10-01,18.9,IT1654A,13.124786130952398,time
2025-05-01,13.8,IT1692A,11.65240348214285,time
2025-06-01,8.87,IT1692A,15.071438690476198,time
2025-07-01,11.1,IT1692A,11.153946377976194,time
2025-08-01,9.1,IT1692A,8.648314287518037,time
2025-09-01,20.4,IT1692A,11.82081571428572,time
2025-10-01,24.0,IT1692A,29.111386686507903,time
2025-11-01,27.8,IT1692A,28.25525634920635,time
2025-05-01,14.4,IT1737A,12.780127083333332,time
2025-06-01,6.61,IT1737A,15.019773472222216,time
2025-07-01,8.37,IT1737A,9.618474880952377,time
2025-08-01,8.85,IT1737A,10.936390357142859,time
2025-09-01,19.6,IT1737A,10.72155702380952,time
2025-10-01,22.3,IT1737A,27.698694563492044,time
2025-11-01,30.1,IT1737A,24.329980753968247,time
2025-05-01,15.3,IT1739A,13.003435873015876,time
2025-06-01,10.9,IT1739A,15.278849702380956,time
2025-07-01,15.8,IT1739A,12.714485059523824,time
2025-08-01,14.3,IT1739A,10.880561691017316,time
2025-09-01,21.7,IT1739A,15.506814131493508,time
2025-10-01,30.4,IT1739A,24.684898710317466,time
2025-11-01,34.3,IT1739A,31.947362499999993,time
2025-05-01,21.2,IT1743A,13.281867142857143,time
2025-06-01,15.1,IT1743A,21.479661428571422,time
2025-07-01,17.9,IT1743A,15.358776607142861,time
2025-08-01,14.8,IT1743A,17.43894037698412,time
2025-09-01,29.0,IT1743A,16.4982826984127,time
2025-10-01,34.5,IT1743A,26.90817799603176,time
2025-11-01,40.3,IT1743A,34.50810833333335,time
2025-05-01,9.94,IT1773A,8.491036951659456,time
2025-06-01,6.38,IT1773A,11.568704523809513,time
2025-07-01,7.57,IT1773A,6.76134295995671,time
2025-08-01,5.79,IT1773A,8.126458779761906,time
2025-09-01,5.8,IT1773A,6.799227906746037,time
2025-10-01,5.84,IT1773A,8.34271170905483,time
2025-11-01,5.94,IT1773A,6.976614367784987,time
2025-05-01,15.8,IT1796A,11.153460476190478,time
2025-06-01,9.23,IT1796A,15.881346547619046,time
2025-07-01,16.3,IT1796A,11.146744151785718,time
2025-08-01,9.66,IT1796A,12.34531283730158,time
2025-09-01,13.3,IT1796A,11.851214025974038,time
2025-10-01,13.1,IT1796A,16.50687101551227,time
2025-11-01,13.7,IT1796A,13.42710101190477,time
2025-05-01,13.4,IT1812A,8.54011909992785,time
2025-06-01,4.68,IT1812A,17.703202242063497,time
2025-07-01,7.22,IT1812A,12.865928003246761,time
2025-08-01,4.09,IT1812A,7.277624412698414,time
2025-09-01,10.8,IT1812A,6.549573035714285,time
2025-10-01,4.65,IT1812A,13.359774880952378,time
2025-11-01,3.08,IT1812A,8.23681119047619,time
2025-05-01,14.5,IT1826A,11.623869702380958,time
2025-06-01,7.64,IT1826A,15.704239861111105,time
2025-07-01,9.35,IT1826A,11.376564699404748,time
2025-08-01,6.86,IT1826A,9.056964603174597,time
2025-09-01,14.8,IT1826A,8.875922906746034,time
2025-10-01,11.4,IT1826A,17.94128166666667,time
2025-11-01,14.1,IT1826A,15.785531011904775,time
2025-05-01,16.6,IT1830A,11.720308750000006,time
2025-06-01,9.95,IT1830A,18.451773869047635,time
2025-07-01,13.7,IT1830A,12.976517678571454,time
2025-08-01,8.82,IT1830A,12.181573680555559,time
2025-09-01,18.3,IT1830A,12.793525634920638,time
2025-10-01,26.8,IT1830A,27.067854464285723,time
2025-11-01,27.1,IT1830A,28.930160515873023,time
2025-05-01,12.4,IT1836A,10.602192976190473,time
2025-06-01,10.4,IT1836A,13.253929485930737,time
2025-07-01,10.3,IT1836A,10.52671838293651,time
2025-08-01,6.9,IT1836A,8.901809004329,time
2025-09-01,9.9,IT1836A,10.573502500000002,time
2025-10-01,11.9,IT1836A,14.865386230158736,time
2025-11-01,21.3,IT1836A,12.749806150793658,time
2025-10-01,1.59,IT1856A,8.030216001190482,time
2025-11-01,1.68,IT1856A,10.732948073412699,time
2025-05-01,14.6,IT1865A,9.761940605158719,time
2025-06-01,8.98,IT1865A,15.401035059523815,time
2025-07-01,10.9,IT1865A,9.100982822420642,time
2025-08-01,7.45,IT1865A,8.885239426406923,time
2025-09-01,15.1,IT1865A,8.564679841269836,time
2025-10-01,30.2,IT1865A,22.2611461111111,time
2025-11-01,24.5,IT1865A,28.975926488095233,time
2025-05-01,11.6,IT1868A,8.641653792388173,time
2025-06-01,5.26,IT1868A,12.462421309523807,time
2025-07-01,7.19,IT1868A,8.072142624007931,time
2025-08-01,8.34,IT1868A,8.857963827380953,time
2025-09-01,13.2,IT1868A,9.193589980158732,time
2025-10-01,24.7,IT1868A,20.62062468253969,time
2025-11-01,23.8,IT1868A,25.85906378968255,time
2025-05-01,18.5,IT1874A,12.374011686507954,time
2025-06-01,11.0,IT1874A,17.901633938492054,time
2025-07-01,14.0,IT1874A,14.064196150793652,time
2025-08-01,9.69,IT1874A,11.560124246031735,time
2025-09-01,22.1,IT1874A,13.147825634920641,time
2025-10-01,22.1,IT1874A,26.607369484126952,time
2025-11-01,22.6,IT1874A,25.584594603174597,time
2025-05-01,8.38,IT1876A,7.5232576785714285,time
2025-06-01,4.12,IT1876A,8.827411230158733,time
2025-07-01,5.11,IT1876A,6.387858005952371,time
2025-08-01,4.36,IT1876A,6.821524176587296,time
2025-09-01,13.5,IT1876A,6.407142807539683,time
2025-10-01,14.7,IT1876A,23.36404616071429,time
2025-11-01,15.5,IT1876A,16.917923214285704,time
2025-05-01,17.3,IT1877A,11.845951607142858,time
2025-06-01,9.56,IT1877A,22.095038531746074,time
2025-07-01,11.7,IT1877A,12.245768928571431,time
2025-08-01,8.91,IT1877A,8.871132281746034,time
2025-09-01,20.8,IT1877A,12.373178839285716,time
2025-10-01,28.3,IT1877A,28.310794781746008,time
2025-11-01,29.9,IT1877A,30.49972906746034,time
2025-05-01,14.8,IT1906A,10.414235585317458,time
2025-06-01,10.3,IT1906A,14.037941785714276,time
2025-07-01,11.9,IT1906A,11.1570145734127,time
2025-08-01,7.83,IT1906A,8.940764365079371,time
2025-09-01,9.27,IT1906A,10.510471061507937,time
2025-10-01,13.3,IT1906A,16.45029146825396,time
2025-11-01,23.7,IT1906A,12.768924662698417,time
2025-05-01,0.154,IT1977A,7.952808011904757,time
2025-10-01,2.26,IT1977A,9.664256710245308,time
2025-11-01,2.17,IT1977A,6.59828277611833,time
2025-05-01,6.04,IT1993A,6.653207518939387,time
2025-06-01,6.03,IT1993A,6.852190238095236,time
2025-07-01,5.84,IT1993A,5.51467286778499,time
2025-08-01,5.64,IT1993A,5.7325001785714305,time
2025-09-01,4.41,IT1993A,7.494267349206354,time
2025-10-01,5.76,IT1993A,7.173819255952382,time
2025-11-01,4.24,IT1993A,9.951522011904766,time
2025-05-01,6.65,IT1996A,5.063208520634917,time
2025-06-01,3.4,IT1996A,7.951667053571421,time
2025-07-01,4.36,IT1996A,5.266009638888891,time
2025-08-01,3.8,IT1996A,5.825730476190473,time
2025-09-01,2.43,IT1996A,4.651555720238097,time
2025-10-01,4.08,IT1996A,4.067093350396826,time
2025-11-01,3.38,IT1996A,6.217151195526696,time
2025-05-01,14.7,IT2012A,10.423493938492056,time
2025-06-01,9.87,IT2012A,13.970428253968242,time
2025-07-01,10.9,IT2012A,10.988779871031753,time
2025-08-01,7.2,IT2012A,9.038905220057725,time
2025-09-01,8.43,IT2012A,9.527261269841269,time
2025-10-01,11.9,IT2012A,14.274220049603182,time
2025-11-01,22.2,IT2012A,11.911930674603177,time
2025-05-01,13.4,IT2013A,10.849153143037519,time
2025-06-01,7.94,IT2013A,13.36644767857144,time
2025-07-01,9.84,IT2013A,8.559419122023801,time
2025-08-01,6.77,IT2013A,9.058372232142858,time
2025-09-01,9.09,IT2013A,9.007993809523803,time
2025-10-01,16.3,IT2013A,14.21486513888889,time
2025-11-01,28.0,IT2013A,19.158994745670984,time
2025-05-01,11.8,IT2023A,8.618126531385276,time
2025-06-01,7.17,IT2023A,12.811142609126996,time
2025-07-01,8.55,IT2023A,9.194918838383842,time
2025-08-01,5.41,IT2023A,7.769304861652234,time
2025-09-01,6.3,IT2023A,8.004693090728711,time
2025-10-01,8.5,IT2023A,10.057200962301586,time
2025-11-01,14.5,IT2023A,9.048718998015874,time
2025-05-01,15.0,IT2032A,8.801672976190483,time
2025-06-01,8.0,IT2032A,13.722537837301575,time
2025-07-01,9.81,IT2032A,9.660328667929294,time
2025-08-01,7.36,IT2032A,9.077909722222223,time
2025-09-01,8.95,IT2032A,7.9398530708874455,time
2025-10-01,12.9,IT2032A,11.634187619047623,time
2025-05-01,7.33,IT2056A,8.998495529761907,time
2025-06-01,6.18,IT2056A,9.21254507683983,time
2025-07-01,6.71,IT2056A,7.455689469696975,time
2025-08-01,9.38,IT2056A,7.043283011363635,time
2025-09-01,8.14,IT2056A,9.643915664682545,time
2025-10-01,5.23,IT2056A,11.199000208333336,time
2025-11-01,8.44,IT2056A,11.690999779761919,time
2025-05-01,16.8,IT2062A,12.831311101190488,time
2025-06-01,9.13,IT2062A,16.305993851010104,time
2025-07-01,10.1,IT2062A,11.5323571279762,time
2025-08-01,8.18,IT2062A,9.386604255952372,time
2025-09-01,17.5,IT2062A,11.162891666666667,time
2025-10-01,21.1,IT2062A,28.65617787698415,time
2025-11-01,21.8,IT2062A,24.215446924603192,time
2025-05-01,20.8,IT2063A,14.788812074314576,time
2025-06-01,12.4,IT2063A,17.72660447420635,time
2025-07-01,15.7,IT2063A,14.451386031746042,time
2025-08-01,14.5,IT2063A,11.312394077380953,time
2025-09-01,24.8,IT2063A,15.954426250000015,time
2025-10-01,31.9,IT2063A,24.134045238095247,time
2025-11-01,29.8,IT2063A,33.30572817460317,time
2025-05-01,20.9,IT2116A,14.320071944444441,time
2025-06-01,11.4,IT2116A,17.045873075396813,time
2025-07-01,14.0,IT2116A,15.032414305555557,time
2025-08-01,10.8,IT2116A,11.282496031746032,time
2025-09-01,20.9,IT2116A,15.851393948412701,time
2025-10-01,22.8,IT2116A,25.580846146214885,time
2025-11-01,24.0,IT2116A,26.885805176767647,time
2025-05-01,16.3,IT2121A,12.32926277777778,time
2025-06-01,8.81,IT2121A,16.544048650793655,time
2025-07-01,13.1,IT2121A,12.662524766865069,time
2025-08-01,8.12,IT2121A,9.272057599206342,time
2025-09-01,19.0,IT2121A,12.060264588293649,time
2025-10-01,21.4,IT2121A,26.99475327380952,time
2025-11-01,20.1,IT2121A,22.708725952380973,time
2025-05-01,140.0,IT2148A,46.11369277777777,time
2025-06-01,10.9,IT2148A,62.35523085317458,time
2025-07-01,49.3,IT2148A,101.99720966269842,time
2025-08-01,11.9,IT2148A,85.86766464285722,time
2025-09-01,44.1,IT2148A,41.118559642857164,time
2025-10-01,225.0,IT2148A,23.560463273809518,time
2025-10-01,0.582,IT2161A,6.941035955952389,time
2025-11-01,0.586,IT2161A,9.692094724206346,time
2025-10-01,1.5,IT2162A,7.4748659738095276,time
2025-11-01,1.1,IT2162A,5.1993069837301595,time
2025-05-01,0.177,IT2166A,7.357114228968251,time
2025-10-01,4.33,IT2166A,6.211077254292929,time
2025-11-01,0.806,IT2166A,9.506182799603177,time
2025-10-01,2.26,IT2167A,7.474910801190478,time
2025-11-01,1.31,IT2167A,9.383860758730162,time
2025-05-01,13.6,IT2174A,10.57498203373015,time
2025-06-01,8.9,IT2174A,13.725898652597419,time
2025-07-01,10.9,IT2174A,9.361731010912699,time
2025-08-01,6.93,IT2174A,9.116652958152958,time
2025-09-01,8.72,IT2174A,9.106240982142857,time
2025-10-01,13.5,IT2174A,14.0362823015873,time
2025-11-01,22.9,IT2174A,16.685969107142853,time
2025-05-01,16.2,IT2221A,10.51383249603174,time
2025-06-01,10.1,IT2221A,16.476855833333346,time
2025-07-01,12.9,IT2221A,12.001014910714286,time
2025-08-01,7.28,IT2221A,10.653014642857142,time
2025-09-01,9.75,IT2221A,11.32156659226191,time
2025-10-01,12.4,IT2221A,13.331774749999997,time
2025-11-01,22.7,IT2221A,13.852116686507932,time
2025-05-01,18.4,IT2223A,12.382981121031742,time
2025-06-01,11.1,IT2223A,16.878820515873024,time
2025-07-01,15.4,IT2223A,13.093559851190486,time
2025-08-01,8.0,IT2223A,13.349749821428583,time
2025-09-01,9.78,IT2223A,13.259741939935052,time
2025-10-01,17.4,IT2223A,18.755095476190487,time
2025-11-01,44.9,IT2223A,18.067559265873022,time
2025-05-01,17.0,IT2226A,12.4023477281746,time
2025-06-01,14.8,IT2226A,16.211372123015895,time
2025-07-01,15.0,IT2226A,14.595442996031744,time
2025-08-01,9.05,IT2226A,12.66791787157288,time
2025-10-01,20.0,IT2226A,15.948727458333337,time
2025-11-01,40.9,IT2226A,21.598674900793636,time
2025-05-01,12.9,IT2241A,7.957912012085134,time
2025-06-01,8.17,IT2241A,13.271693782467539,time
2025-07-01,10.8,IT2241A,10.466613612914866,time
2025-08-01,5.73,IT2241A,8.639370386904758,time
2025-09-01,7.33,IT2241A,7.7877048629148575,time
2025-10-01,11.3,IT2241A,13.34371125992064,time
2025-05-01,12.6,IT2247A,9.249545900974038,time
2025-06-01,8.23,IT2247A,12.693835934343424,time
2025-07-01,9.77,IT2247A,9.169859102182546,time
2025-08-01,6.3,IT2247A,8.52823061507937,time
2025-09-01,7.3,IT2247A,8.19444000541125,time
2025-10-01,10.2,IT2247A,12.557250644841268,time
2025-11-01,18.4,IT2247A,11.243351636904759,time
2025-05-01,11.7,IT2249A,8.067338005952385,time
2025-06-01,8.89,IT2249A,12.41212866883117,time
2025-07-01,8.84,IT2249A,8.36138916666667,time
2025-08-01,5.73,IT2249A,7.8268171356421385,time
2025-09-01,6.82,IT2249A,6.5920602083333355,time
2025-10-01,5.35,IT2249A,8.520291041666662,time
2025-11-01,5.45,IT2249A,7.44235798881674,time
2025-05-01,11.3,IT2251A,7.864684315476188,time
2025-06-01,7.81,IT2251A,11.737184037698416,time
2025-07-01,8.93,IT2251A,10.342797581168837,time
2025-08-01,5.39,IT2251A,8.194567351190473,time
2025-09-01,5.58,IT2251A,7.353335769300141,time
2025-10-01,6.21,IT2251A,8.646850416666666,time
2025-11-01,9.87,IT2251A,7.416298405483405,time
2025-05-01,11.4,IT2252A,8.477918948412698,time
2025-06-01,7.68,IT2252A,12.052512549603179,time
2025-07-01,9.54,IT2252A,8.401362620851367,time
2025-08-01,6.52,IT2252A,8.264960763888896,time
2025-09-01,5.9,IT2252A,7.410874598665223,time
2025-10-01,5.5,IT2252A,8.634787053571422,time
2025-11-01,7.55,IT2252A,7.16952836580087,time
2025-05-01,9.1,IT2254A,7.52470005952381,time
2025-06-01,5.42,IT2254A,9.858460869047626,time
2025-07-01,7.13,IT2254A,6.918582084235203,time
2025-08-01,3.93,IT2254A,7.157787549603174,time
2025-09-01,5.47,IT2254A,6.828496488095237,time
2025-10-01,9.13,IT2254A,8.769985902777776,time
2025-11-01,13.0,IT2254A,10.028682820165944,time
2025-05-01,14.1,IT2301A,12.36215337301587,time
2025-06-01,5.39,IT2301A,13.048820714285718,time
2025-07-01,8.74,IT2301A,9.2124946373557,time
2025-08-01,5.1,IT2301A,9.692410059523814,time
2025-09-01,16.9,IT2301A,9.595305208333338,time
2025-10-01,23.9,IT2301A,29.311569305555576,time
2025-11-01,30.2,IT2301A,25.52456220238095,time
